use app_tv;

insert into doc_us (id_doc, iniciales, Nom_tipo_doc) values
('01', 'CC', 'Cedula ciudadania'),
('02', 'CE', 'Cedula extrangeria'),
('03', 'PA', 'Pasaporte');

insert into rol (id_rol, Nom_rol) values
(01, 'administrador'),
(02, 'usuario');

insert into tipo_plan (id_plan, Nom_plan, precio_plan, caract_plan) values
(01, 'Plan basico', 25000, 'sin contenido HD y solo una pantalla simultanea PC, TV, smartphone o tablet'),
(02, 'Plan estandar', 38000, 'Contenido HD sin UltraHD y dos reproducciones simultaneas'),
(03, 'Plan premium', 48000, 'Contenido HD, UltraHD y hasta 4 pantallas simultaneas');

insert into mod_pago (id_pago, Nom_tpago) values
(001, 'Tarjeta debito'),
(002, 'Tarjeta credito'),
(003, 'Tarjeta regalo'),
(004, 'Tarjeta prepagada');

insert into clase (id_clase, Nom_clase) values
(001, 'Acción y aventura'),
(002, 'Anime'),
(003, 'Para toda la familia'),
(004, 'Clásicas'),
(005, 'Comedias'),
(006, 'Cultura'),
(007, 'Documentales'),
(008, 'Drama'),
(009, 'Fe y espiritualidad'),
(010, 'Extranjeras'),
(011, 'Tematica LGBTI'),
(012, 'Terror'),
(013, 'Música'),
(014, 'Musicales'),
(015, 'Románticas'),
(016, 'Ciencia ficción y fantasia'),
(017, 'Deportes'),
(018, 'Suspenso'),
(019, 'Series TV'),
(020, 'Crimen'),
(021, 'Superheroes');

insert into idioma (id_idioma, Nom_idioma) values
(01, 'Español'),
(02, 'Ingles'),
(03, 'Alemán'),
(04, 'Fancés'),
(05, 'Italiano');

insert into peliculas (id_peli, Nom_peli, Tiempo_peli, año, descripcion, estado) values
(001, 'Justice League-Apocalipsis war', '01:30:00', '2020', 'La Tierra es diezmada después de que el tirano intergaláctico Darkseid haya devastado la liga de la justicia en una guerra mal ejecutada por los DC Super Heroes.', 1),
(002, 'Birds of Prey', '01:49:00', '2020', 'Harley Quinn une fuerzas con un cantante, un asesino y un detective de la policía para ayudar a una joven que recibió un golpe después de robar un diamante raro de un señor del crimen.', 2),
(003, 'Bad Boys for Life', '02:04:00', '2020', 'Marcus y Mike se ven obligados a enfrentar nuevas amenazas, cambios de carrera y crisis de la mediana edad cuando se unen al equipo de élite de reciente creación AMMO del departamento de policía de Miami para derrotar al despiadado Armando Armas, el despiadado líder de un cartel de drogas de Miami.', 1),
(004, 'Fantasy Island', '01:49:00', '2020', 'Un grupo de ganadores del concurso llega a un hotel de la isla para vivir sus sueños, solo para encontrarse atrapado en escenarios de pesadilla.', 2),
(005, 'Avengers Endgame', '03:01:00', '2019', 'Después de los devastadores eventos de Avengers: Infinity War, el universo está en ruinas debido a los esfuerzos del loco Titán, Thanos.', 1),
(006, 'Blodshot', '01:50:00', '2020', 'Después de que él y su esposa son asesinados, un equipo de científicos resucita al marine Ray Garrison.', 2),
(007, 'The Hunt', '01:30:00', '2020', 'Doce extraños se despiertan en un claro. No saben dónde están ni cómo llegaron allí. A la sombra de una oscura teoría de la conspiración de internet, elitistas despiadados se reúnen en un lugar remoto para cazar humanos por deporte.', 1),
(008, 'Sonic the Hedgehog', '01:39:00', '2020', 'Basado en la exitosa franquicia de videojuegos global de Sega, Sonic the Hedgehog cuenta la historia del erizo más rápido del mundo mientras abraza su nuevo hogar en la Tierra.', 2),
(009, 'Knives Out', '02:11:00', '2019', 'Cuando el renombrado novelista criminal Harlan Thrombey es encontrado muerto en su propiedad justo después de cumplir 85 años, el curioso y elegante detective Benoit Blanc se alista misteriosamente para investigar.', 1),
(010, 'Star Wars-El ascenso de Skiwalker', '02:22:00', '2020', 'La Resistencia sobreviviente se enfrenta a la Primera Orden una vez más mientras continúa el viaje de Rey, Finn y Poe Dameron. Con el poder y el conocimiento de las generaciones detrás de ellos, comienza la batalla final.', 2);

insert into series (id_serie, Nom_serie, cant_temps, año, descripcion, calificacion , estado) values
(001, 'Batman', 04, '1992', 'Batman The Animated Series fue una caricatura que se estrenó el 5 de septiembre de 1992, basada en la serie de cómics creada por Bob Kane, así como en las adaptaciones de la película de Burton.', 8.9, 1),
(002, 'X-Men Animated', 05, '1992', 'Son mutantes, seres humanos genéticamente dotados, el grupo minoritario más nuevo y más perseguido del mundo.', 8.3, 2),
(003, 'From Dusk Till Dawn', 03, '2014', 'En esta serie de crímenes sobrenaturales, Seth Gecko y su hermano violento e impredecible, Richard "Richie" Gecko, son buscados por el FBI y el guardabosques de Texas Freddie González después de que un robo a un banco dejó a varias personas, incluidos policías y el mentor de González, el guardabosques de Texas Earl McGraw, muertos.', 7.2, 1),
(004, 'Scream', 03, '2015', 'Después de que un incidente de acoso cibernético resulta en un asesinato brutal, la violencia impactante despierta recuerdos de una ola de asesinatos del pasado que ha atormentado a algunos, intrigado a otros y tal vez simplemente inspirado a un nuevo asesino.', 7.2, 2),
(005, 'Continuum', 02, '2012', 'Una hermosa joven despierta a bordo de una nave espacial a la deriva sin recordar quién es o cómo llegó allí y a merced de la misteriosa computadora de la nave.', 7.0, 1),
(006, 'The Mask', 03, '1995', 'Este programa se basa en la exitosa película sobre un tipo más bajo que el normal que encuentra una máscara encantada.', 7.1, 2),
(007, 'Star Trek', 02, '1975', 'Estas son las nuevas aventuras de la serie Star Trek en una forma animada de media hora.', 6.7, 1),
(008, 'Strippers', 01, '2014', '"Strippers" es una serie documental que echa un vistazo a los clubes de striptease que se han duplicado en los últimos 10 años con más y más jóvenes británicas recurriendo a la danza del regazo para intentar ganarse la vida.', 6.4, 2),
(009, 'Akademy Fantasia', 10, '2003', 'Cada semana, a los participantes se les asignan canciones individuales y, a veces, canciones grupales para actuar en el escenario todos los sábados hasta la última semana del espectáculo.', 3.0, 1),
(010, 'The Last Dance', 01, '2020', 'Trazando el ascenso de los Chicago Bulls de los 90, liderados por Michael Jordan, una de las dinastías más notables en la historia del deporte.', 8.9, 2);

insert into error_ing (id_error, motivo_error, fecha_error) values
(01, 'Contraseña erronea', '2020-05-10 00:00:00'),
(02, 'E-mail erroneo', '9999-12-31 00:00:00'),
(03, 'No se pudo conectar al servidor', '9999-12-31 00:00:00');

insert into servidor_correo (id_servcorreo, Nom_servcorreo) values
(01, 'outlook'),
(02, 'Gmail'),
(03, 'yahoo');

insert into cliente (id_Numdoc, PNombre, SNombre, PApellido, SApellido, correo, contraseña, fk_id_doc, fk_id_rol, fk_id_plan) values
('1023465789', 'Andres', 'Mauricio', 'Acosta', 'Pulido', 'amap1001@outlook.com', sha('contraseña'), '01', 02, 01),
('89875624', 'Clara', '', 'Garzon', '', 'Cgarzon01@gmail.com', sha('contraseña'), '02', 02, 02),
('AA10136548', 'LeBron', '', 'James', '', 'Lejames23@gmail.com', sha('contraseña'), '03', 02, 03),
('1013847990', 'Cristian', 'Camilo', 'Pineda', 'Cuitiva', 'cristianpc28@yahoo.com', sha('contraseña'), '01', 02, 01),
('52278499', 'Maria', 'Teresa', 'Pulido', 'Garzon', 'mt1020@outlook.com', sha('contraseña'), '02', 02, 02),
('AB27384950', 'Ruben', '', 'Blades', '', 'rubenblades@gmail.com', sha('contraseña'), '03', 02, 03),
('76587212', 'Nelson', '', 'Sarmiento', '', 'Nelsonsarmiento@yahoo.com', sha('contraseña'), '01', 02, 01),
('1000478292', 'David', 'Andres', 'Urrego', 'Mora', 'DavidUM01@gmail.com', sha('contraseña'), '02', 02, 02),
('AC87695406', 'Kobe', 'Bean', 'Bryant', '', 'Kbryant24@outlook.com', sha('contraseña'), '03', 02, 03),
('1001849273', 'Karen', '', 'Moreno', '', 'KARENMO212@yahoo.com', sha('contraseña'), '01', 02, 01),
('1023233788', 'Johana', '', 'Velazques', 'Cano', 'jovelazquez01@gmail.com', sha('contraseña'), '02', 02, 02),
('AD132435', 'Karl', '', 'Anthony', 'Towns', 'KarlTowns77@yahoo.com', sha('contraseña'), '03', 02, 03),
('58930023', 'Diana', 'Maria', 'Urrego', '', 'DMUrrego99@gmail.com', sha('contraseña'), '01', 02, 01),
('1022660388', 'Jhonny', 'Alexander', 'Pineda', 'Cuitiva', 'japc.9507@gmail.com', sha('contraseña'), '02', 02, 02),
('AF859403', 'Emily', '', 'Jones', '', 'emijones92@outlook.com', sha('contraseña'), '03', 02, 03),
('1011987234', 'Maria', 'Paula', 'Londoño', 'Ruiz', 'mapalondoño111@yahoo.com', sha('contraseña'), '01', 02, 01),
('1023776554', 'Luisa', '', 'Rozo', '', 'Luisar2000@outlook.com', sha('contraseña'), '02', 02, 02),
('AG1251950', 'Derrick', '', 'Rose', '', 'Drose125@yahoo.com', sha('contraseña'), '03', 02, 03),
('1013654829', 'Wendy', 'Paola', 'Pineda', '', 'Wpaola04@gmail.com', sha('contraseña'), '01', 01, 01),
('1075284522', 'Jorge', 'Ivan', 'Rodriguez', 'Pulido', 'jorge07@outlook.com', sha('contraseña'), '02', 01, 02);

insert into perfil_us (id_perfil, Nom_perfil, foto, fk_id_Numdoc, fk_id_doc) values
(001, 'AndresM','https://definicion.de/wp-content/uploads/2016/02/avatar.jpg', '1023465789', '01'),
(002, 'Clarag', 'https://i.pinimg.com/originals/89/34/fe/8934fe9034e62c3f9ef4f02eea2c56ab.png', '89875624', '02'),
(003, 'Lejames', 'https://lh3.googleusercontent.com/-d-cldq0iIFQ/WpakxI3OXoI/AAAAAAAAOs0/v7lpT9KuFvMWyYUlcFBvonmUTFcfkbFhACHMYCw/avatar-santi%255B2%255D?imgmax=800', 'AA10136548', '03'),
(004, 'Cristiancamilo', 'https://i.pinimg.com/originals/90/be/21/90be2119cb28ad3e6045e2d01fb9b94b.png', '1013847990', '01'),
(005, 'MaTeresa', 'https://i.pinimg.com/originals/d9/02/8a/d9028ae4c22cab917d1b80530cb290a9.png', '52278499', '02'),
(006, 'RubenB', 'https://lh3.googleusercontent.com/proxy/1Oq0UO_d5599LTy_YmzsUK_YBfgYsIqLD5idytGJ7Pysza24hDRG3xsAuLExlyAsycnoUy8EBKSTeGKfvNbODLpFAJJ_ah491ddpLrpLULLIZXLk_N66OmHVj1275O6VupEcuA', 'AB27384950', '03'),
(007, 'NelsonSar', 'https://i.pinimg.com/originals/49/66/8b/49668bbcbc98ca69637d03967e7c1a88.png', '76587212', '01'),
(008, 'DavidAndres', 'https://www.creartuavatar.com/images/m6.svg', '1000478292', '02'),
(009, 'Kobe24', 'https://avatarfiles.alphacoders.com/221/thumb-221394.jpg', 'AC87695406', '03'),
(010, 'Karenmoreno', 'https://w7.pngwing.com/pngs/961/160/png-transparent-bitstrips-avatar-emoji-avatar-comics-face-heroes.png', '1001849273', '01'),
(011, 'JoVelazques', 'https://dl1.cbsistatic.com/i/2019/05/08/f7511087-0d44-4c96-b1b9-299192a5d7ef/836fb3e522f547e13636fee0bd4d46d9/imgingest-3322010854401406291.png', '1023233788', '02'),
(012, 'KATowns', 'https://pbs.twimg.com/media/DhS01T6XcAAKbMX.jpg', 'AD132435', '03'),
(013, 'DMariau', 'https://media.cdnandroid.com/5c/a2/66/b8/78/imagen-avatar-emoji-me-zmoji-0big.jpg', '58930023', '01'),
(014, 'JhonnyP', 'https://is2-ssl.mzstatic.com/image/thumb/Purple113/v4/95/4e/05/954e0568-9163-b46b-f610-e21b6131bf46/AppIcon-0-1x_U007emarketing-0-5-0-0-sRGB-85-220.png/246x0w.png', '1022660388', '02'),
(015, 'Emijones', 'https://image.winudf.com/v2/image/Y29tLnNkZG9va3hoLnJlemRfc2NyZWVuXzBfMTUyNDc2MDUyN18wNjg/screen-0.jpg?fakeurl=1&type=.jpg', 'AF859403', '03'),
(016, 'MaPaLondoño', 'https://w7.pngwing.com/pngs/931/256/png-transparent-bitstrips-avatar-emoji-graphy-emoticon-avatar-face-heroes-photography.png', '1011987234', '01'),
(017, 'Luisa', 'https://encrypted-tbn0.gstatic.com/images?q=tbn%3AANd9GcSpTJWN7CEDo5AYM-9TehnzgjDJjWL4iDS01iwoDRYAqrN2e0MG&usqp=CAU', '1023776554', '02'),
(018, 'Drose1', 'https://lh3.googleusercontent.com/proxy/ronCcfCendr_LhB4ktRGFNY6Ved8iAkjZbTb1xWRkE1FPfrnthFfUeSTGz1ZV54BREi0-7Dw5b44bdlfO5uv-NbkZNz0NAv17a4gyaojBH9sfbDwYix8oRp616lMryo0L35mRlL8Xw2n9UgQ1oTBR7GcfgSEqsvvvNKMxW8', 'AG1251950', '03'),
(019, 'WpaolaP', 'https://sites.google.com/a/asu.edu/kassy-sheehan---edt-180/_/rsrc/1477505436260/tool-smash/avatars/bitmoji/bitmoji-20161026110714.png', '1013654829', '01'),
(020, 'Jorgeivan', 'https://image.emojipng.com/805/986805.jpg', '1075284522', '02');

insert into recibo_pago (id_fact, fecha, hora, fk_id_Numdoc, fk_id_doc, fk_id_plan, fk_id_pago) values
(001, '9999-12-31', '00:01:00', '1023465789', '01', 01, 001),
(002, '9999-12-31', '00:02:00', '89875624', '02', 02, 002),
(003, '9999-12-31', '00:03:00', 'AA10136548', '03', 03, 003),
(004, '9999-12-31', '00:04:00', '1013847990', '01', 01, 004),
(005, '9999-12-31', '00:05:00', '52278499', '02', 02, 001),
(006, '9999-12-31', '00:06:00', 'AB27384950', '03', 03, 002),
(007, '9999-12-31', '00:07:00', '76587212', '01', 01, 003),
(008, '9999-12-31', '00:08:00', '1000478292', '02', 02, 004),
(009, '9999-12-31', '00:09:00', 'AC87695406', '03', 03, 001),
(010, '9999-12-31', '00:10:00', '1001849273', '01', 01, 002),
(011, '9999-12-31', '00:11:00', '1023233788', '02', 02, 003),
(012, '9999-12-31', '00:12:00', 'AD132435', '03', 03, 004),
(013, '9999-12-31', '00:13:00', '58930023', '01', 01, 001),
(014, '9999-12-31', '00:14:00', '1022660388', '02', 02, 002),
(015, '9999-12-31', '00:15:00', 'AF859403', '03', 03, 003),
(016, '9999-12-31', '00:16:00', '1011987234', '01', 01, 004),
(017, '9999-12-31', '00:17:00', '1023776554', '02', 02, 001),
(018, '9999-12-31', '00:18:00', 'AG1251950', '03', 03, 002),
(019, '9999-12-31', '00:19:00', '1013654829', '01', 01, 003),
(020, '9999-12-31', '00:20:00', '1075284522', '02', 02, 004);

insert into temporadas (id_temp, Num_temp, fk_id_serie) values
(01, 01, 001),
(02, 02, 001),
(03, 03, 001),
(04, 04, 001),
(05, 01, 002),
(06, 02, 002),
(07, 03, 002),
(08, 04, 002),
(09, 05, 002),
(10, 01, 003),
(11, 02, 003),
(12, 03, 003),
(13, 01, 004),
(14, 02, 004),
(15, 03, 004),
(16, 01, 005),
(17, 02, 005),
(18, 01, 006),
(19, 02, 006),
(20, 03, 006),
(21, 01, 007),
(22, 02, 007),
(23, 01, 008),
(24, 01, 009),
(25, 02, 009),
(26, 03, 009),
(27, 04, 009),
(28, 05, 009),
(29, 06, 009),
(30, 07, 009),
(31, 08, 009),
(32, 09, 009),
(33, 10, 009),
(34, 01, 010);

insert into capitulos (id_caps, Nom_cap, Num_cap, duracion, fk_id_temp) values
(001, 'El terrible trio', 01, '00:21:00', 04),
(002, 'Confrontacón', 02, '00:21:00', 04),
(003, 'Pasadizo', 03, '00:21:00', 04),
(004, 'Una bala por buey', 04, '00:21:00', 04),
(005, 'El leon y el unicornio', 05, '00:21:00', 04),
(006, 'El pacto de la falange', 01, '00:20:00', 05),
(007, 'Un trato con el diablo', 02, '00:21:00', 05),
(008, 'Ningún mutante en la isla', 03, '00:20:00', 05),
(009, 'Tiro largo', 04, '00:20:00', 05),
(010, 'Líneas de sangre', 05, '00:21:00', 05),
(011, 'Juegos de cabeza', 01, '00:41:00', 03),
(012, 'La reina', 02, '00:44:00', 03),
(013, 'Proteger y servir', 03, '00:41:00', 03),
(014, 'Fanático', 04, '00:43:00', 03),
(015, 'Shady Glen', 05, '00:42:00', 03),
(016, 'Se lo que hiciste el verano pasado', 01, '00:43:00', 02),
(017, 'Psicópata', 02, '00:41:00', 02),
(018, 'Vacante', 03, '00:40:00', 02),
(019, 'Feliz cumpleaños a mi', 04, '00:41:00', 02),
(020, 'Abajo de los muertos', 05, '00:41:00', 02),
(021, 'Supernovacaina', 01, '00:05:00', 01),
(022, 'El ojo de águila ha aterrizado', 02, '00:05:00', 01),
(023, 'Retroceder al futuro', 03, '00:05:00', 01),
(024, 'Evento horizontal', 04, '00:05:00', 01),
(025, 'Han solista', 05, '00:05:00', 01),
(026, 'Magia', 01, '00:30:00', 03),
(027, 'Pequeña gran máscara', 02, '00:30:00', 03),
(028, 'Viaje fantástico', 03, '00:30:00', 03),
(029, 'La cámara desde dentro', 04, '00:30:00', 03),
(030, 'Tener y tener mocos', 05, '00:30:00', 03),
(031, 'Los piratas de orion', 01, '00:23:00', 02),
(032, 'Bem', 02, '00:23:00', 02),
(033, 'El bromista práctico', 03, '00:23:00', 02),
(034, 'Albatross', 04, '00:23:00', 02),
(035, 'Más afilado qué el diente de la serpiente', 05, '00:23:00', 02),
(036, 'Glagow', 01, '00:47:00', 01),
(037, 'Edimburgo', 02, '00:47:00', 01),
(038, 'Aberdeen', 03, '00:47:00', 01),
(039, 'Mis estilos', 01, '02:30:00', 10),
(040, 'Mis pasos', 02, '02:30:00', 10),
(041, 'Mis escenas', 03, '02:30:00', 10),
(042, 'Mi minuto', 04, '02:30:00', 10),
(043, 'Mi dueto', 05, '02:30:00', 10),
(044, 'Episode I', 01, '01:00:00', 01),
(045, 'Episode II', 02, '01:00:00', 01),
(046, 'Episode III', 03, '01:00:00', 01),
(047, 'Episode IV', 04, '01:00:00', 01),
(048, 'Episode V', 05, '01:00:00', 01);

insert into perfil_us_peliculas (fk_id_perfil, fk_id_peli) values
(001,009), (001,004), (001,007),
(002,002), (002,008), (002,005),
(003,009), (003,001), (003,002),
(004,010), (004,006), (004,008),
(005,003), (005,008), (005,009),
(006,001), (006,002), (006,006),
(007,004), (007,007), (007,002),
(008,005), (008,009), (008,003),
(009,007), (009,003), (009,001),
(010,006), (010,005), (010,010), 
(011,008), (011,010), (011,004),
(012,001), (012,009), (012,002),
(013,008), (013,006), (013,009),
(014,005), (014,003), (014,008),
(015,007), (015,002), (015,006),
(016,002), (016,005), (016,004),
(017,003), (017,004), (017,010),
(018,004), (018,007), (018,003),
(019,006), (019,008), (019,001),
(020,008), (020,001), (020,007);

insert into peliculas_idioma (fk_id_peli, fk_id_idioma)values
(001, 01), (001, 02), (001, 03), (001, 04), (001, 05),
(002, 01), (002, 02), (002, 03), (002, 04), (002, 05),
(003, 01), (003, 02), (003, 03), (003, 04), (003, 05),
(004, 01), (004, 02), (004, 03), (004, 04), (004, 05),
(005, 01), (005, 02), (005, 03), (005, 04), (005, 05),
(006, 01), (006, 02), (006, 03), (006, 04), (006, 05),
(007, 01), (007, 02), (007, 03), (007, 04), (007, 05),
(008, 01), (008, 02), (008, 03), (008, 04), (008, 05), 
(009, 01), (009, 02), (009, 03), (009, 04), (009, 05),
(010, 01), (010, 02), (010, 03), (010, 04), (010, 05);

insert into clase_peliculas (fk_id_peli, fk_id_clase) values
(001, 001), (001, 002), (001, 016),
(002, 001), (002, 005), (002, 020),
(003, 001), (003, 018), (003, 020),
(004, 012), (004, 016),
(005, 001), (005, 016),
(006, 001), (006, 008), (006, 016), (006, 021),
(007, 001), (007, 012), (007, 016),
(008, 001), (008, 003), (008, 005), (008, 016),
(009, 005), (009, 008), (009, 018), (009, 020),
(010, 001), (010, 016);

insert into capitulos_idioma (fk_id_caps, fk_id_idioma) values
(001, 01), (001, 02), (001, 03), (001, 04), (001, 05),
(002, 01), (002, 02), (002, 03), (002, 04), (002, 05),
(003, 01), (003, 02), (003, 03), (003, 04), (003, 05),
(004, 01), (004, 02), (004, 03), (004, 04), (004, 05),
(005, 01), (005, 02), (005, 03), (005, 04), (005, 05),
(006, 01), (006, 02), (006, 03), (006, 04), (006, 05),
(007, 01), (007, 02), (007, 03), (007, 04), (007, 05),
(008, 01), (008, 02), (008, 03), (008, 04), (008, 05),
(009, 01), (009, 02), (009, 03), (009, 04), (009, 05),
(010, 01), (010, 02), (010, 03), (010, 04), (010, 05),
(011, 01), (011, 02), (011, 03), (011, 04), (011, 05),
(012, 01), (012, 02), (012, 03), (012, 04), (012, 05),
(013, 01), (013, 02), (013, 03), (013, 04), (013, 05),
(014, 01), (014, 02), (014, 03), (014, 04), (014, 05),
(015, 01), (015, 02), (015, 03), (015, 04), (015, 05),
(016, 01), (016, 02), (016, 03), (016, 04), (016, 05),
(017, 01), (017, 02), (017, 03), (017, 04), (017, 05),
(018, 01), (018, 02), (018, 03), (018, 04), (018, 05),
(019, 01), (019, 02), (019, 03), (019, 04), (019, 05),
(020, 01), (020, 02), (020, 03), (020, 04), (020, 05),
(021, 01), (021, 02), (021, 03), (021, 04), (021, 05),
(022, 01), (022, 02), (022, 03), (022, 04), (022, 05),
(023, 01), (023, 02), (023, 03), (023, 04), (023, 05),
(024, 01), (024, 02), (024, 03), (024, 04), (024, 05),
(025, 01), (025, 02), (025, 03), (025, 04), (025, 05),
(026, 01), (026, 02), (026, 03), (026, 04), (026, 05),
(027, 01), (027, 02), (027, 03), (027, 04), (027, 05),
(028, 01), (028, 02), (028, 03), (028, 04), (028, 05),
(029, 01), (029, 02), (029, 03), (029, 04), (029, 05),
(030, 01), (030, 02), (030, 03), (030, 04), (030, 05),
(031, 01), (031, 02), (031, 03), (031, 04), (031, 05),
(032, 01), (032, 02), (032, 03), (032, 04), (032, 05),
(033, 01), (033, 02), (033, 03), (033, 04), (033, 05),
(034, 01), (034, 02), (034, 03), (034, 04), (034, 05),
(035, 01), (035, 02), (035, 03), (035, 04), (035, 05),
(036, 01), (036, 02), (036, 03), (036, 04), (036, 05),
(037, 01), (037, 02), (037, 03), (037, 04), (037, 05),
(038, 01), (038, 02), (038, 03), (038, 04), (038, 05),
(039, 01), (039, 02), (039, 03), (039, 04), (039, 05),
(040, 01), (040, 02), (040, 03), (040, 04), (040, 05),
(041, 01), (041, 02), (041, 03), (041, 04), (041, 05),
(042, 01), (042, 02), (042, 03), (042, 04), (042, 05),
(043, 01), (043, 02), (043, 03), (043, 04), (043, 05),
(044, 01), (044, 02), (044, 03), (044, 04), (044, 05),
(045, 01), (045, 02), (045, 03), (045, 04), (045, 05),
(046, 01), (046, 02), (046, 03), (046, 04), (046, 05);

insert into clase_series (fk_id_serie, fk_id_clase) values
(001, 002), (001, 008), (001, 001), (001, 021),
(002, 002), (002, 001), (002, 016),
(003, 016), (003, 020),
(004, 012),
(005, 018),
(006, 002), (006, 001), (006, 021),
(007, 002), (007, 008), (007, 016),
(008, 007),
(009, 003),
(010, 007);

insert into series_perfil_us (fk_id_perfil, fk_id_serie) values
(001,009), (001,004), 
(002,002), (002,008), (002,005),
(003,009), (003,001), 
(004,010), (004,006), (004,008), (004, 003),
(005,003), (005,008), (005,009),
(006,001), (006,002), (006,006), (006, 008),
(007,004), (007,007),
(008,005), (008,009), (008,003),
(009,007), (009,003), (009,001),
(010,006), (010,005), (010,010), (010, 007),
(011,008), (011,010), (011,004),
(012,001), (012,009), (012,002), (012, 004), 
(013,008), (013,006), (013,009),
(014,005), (014,003),
(015,007), (015,002),
(016,002), (016,005), (016,004), (016, 009),
(017,003), (017,004), (017,010),
(018,004), (018,007), (018,003), (018, 010),
(019,006), (019,008), 
(020,008), (020,001), (020,007), (020, 010);


-- fin